Provincia,Nombre_Provincia,Canton,Nombre_Canton,Distrito,Nombre_Distrito
1.0,San Jose,1.0,San Jose,1.0,CARMEN
1.0,San Jose,1.0,San Jose,2.0,MERCED
1.0,San Jose,1.0,San Jose,3.0,HOSPITAL
1.0,San Jose,1.0,San Jose,4.0,CATEDRAL
1.0,San Jose,1.0,San Jose,5.0,ZAPOTE
1.0,San Jose,1.0,San Jose,6.0,SAN FRANCISCO DE DOS RIOS
1.0,San Jose,1.0,San Jose,7.0,URUCA
1.0,San Jose,1.0,San Jose,8.0,MATA REDONDA
1.0,San Jose,1.0,San Jose,9.0,PAVAS
1.0,San Jose,1.0,San Jose,10.0,HATILLO
1.0,San Jose,1.0,San Jose,11.0,SAN SEBASTIAN
1.0,San Jose,2.0,Escazu,1.0,ESCAZU
1.0,San Jose,2.0,Escazu,2.0,SAN ANTONIO
1.0,San Jose,2.0,Escazu,3.0,SAN RAFAEL
1.0,San Jose,3.0,Desamparados,1.0,DESAMPARADOS
1.0,San Jose,3.0,Desamparados,2.0,SAN MIGUEL
1.0,San Jose,3.0,Desamparados,3.0,SAN JUAN DE DIOS
1.0,San Jose,3.0,Desamparados,4.0,SAN RAFAEL ARRIBA
1.0,San Jose,3.0,Desamparados,5.0,SAN ANTONIO
1.0,San Jose,3.0,Desamparados,6.0,FRAILES
1.0,San Jose,3.0,Desamparados,7.0,PATARRA
1.0,San Jose,3.0,Desamparados,8.0,SAN CRISTOBAL
1.0,San Jose,3.0,Desamparados,9.0,ROSARIO
1.0,San Jose,3.0,Desamparados,10.0,DAMAS
1.0,San Jose,3.0,Desamparados,11.0,SAN RAFAEL ABAJO
1.0,San Jose,3.0,Desamparados,12.0,GRAVILIAS
1.0,San Jose,3.0,Desamparados,13.0,LOS GUIDO
1.0,San Jose,4.0,Puriscal,1.0,SANTIAGO
1.0,San Jose,4.0,Puriscal,2.0,MERCEDES SUR
1.0,San Jose,4.0,Puriscal,3.0,BARBACOAS
1.0,San Jose,4.0,Puriscal,4.0,GRIFO ALTO
1.0,San Jose,4.0,Puriscal,5.0,SAN RAFAEL
1.0,San Jose,4.0,Puriscal,6.0,CANDELARITA
1.0,San Jose,4.0,Puriscal,7.0,DESAMPARADITOS
1.0,San Jose,4.0,Puriscal,8.0,SAN ANTONIO
1.0,San Jose,4.0,Puriscal,9.0,CHIRES
1.0,San Jose,5.0,Tarrazu,1.0,SAN MARCOS
1.0,San Jose,5.0,Tarrazu,2.0,SAN LORENZO
1.0,San Jose,5.0,Tarrazu,3.0,SAN CARLOS
1.0,San Jose,6.0,Aserri,1.0,ASERRI
1.0,San Jose,6.0,Aserri,2.0,TARBACA
1.0,San Jose,6.0,Aserri,3.0,VUELTA DE JORCO
1.0,San Jose,6.0,Aserri,4.0,SAN GABRIEL
1.0,San Jose,6.0,Aserri,5.0,LEGUA
1.0,San Jose,6.0,Aserri,6.0,MONTERREY
1.0,San Jose,6.0,Aserri,7.0,SALITRILLOS
1.0,San Jose,7.0,Mora,1.0,COLON
1.0,San Jose,7.0,Mora,2.0,GUAYABO
1.0,San Jose,7.0,Mora,3.0,TABARCIA
1.0,San Jose,7.0,Mora,4.0,PIEDRAS NEGRAS
1.0,San Jose,7.0,Mora,5.0,PICAGRES
1.0,San Jose,7.0,Mora,6.0,JARIS
1.0,San Jose,7.0,Mora,7.0,QUITIRRISI
1.0,San Jose,8.0,Goicoechea,1.0,GUADALUPE
1.0,San Jose,8.0,Goicoechea,2.0,SAN FRANCISCO
1.0,San Jose,8.0,Goicoechea,3.0,CALLE BLANCOS
1.0,San Jose,8.0,Goicoechea,4.0,MATA DE PLATANO
1.0,San Jose,8.0,Goicoechea,5.0,IPIS
1.0,San Jose,8.0,Goicoechea,6.0,RANCHO REDONDO
1.0,San Jose,8.0,Goicoechea,7.0,PURRAL
1.0,San Jose,9.0,Santa Ana,1.0,SANTA ANA
1.0,San Jose,9.0,Santa Ana,2.0,SALITRAL
1.0,San Jose,9.0,Santa Ana,3.0,POZOS
1.0,San Jose,9.0,Santa Ana,4.0,URUCA
1.0,San Jose,9.0,Santa Ana,5.0,PIEDADES
1.0,San Jose,9.0,Santa Ana,6.0,BRASIL
1.0,San Jose,10.0,Alajuelita,1.0,ALAJUELITA
1.0,San Jose,10.0,Alajuelita,2.0,SAN JOSECITO
1.0,San Jose,10.0,Alajuelita,3.0,SAN ANTONIO
1.0,San Jose,10.0,Alajuelita,4.0,CONCEPCION
1.0,San Jose,10.0,Alajuelita,5.0,SAN FELIPE
1.0,San Jose,11.0,Vasquez de Coronado,1.0,SAN ISIDRO
1.0,San Jose,11.0,Vasquez de Coronado,2.0,SAN RAFAEL
1.0,San Jose,11.0,Vasquez de Coronado,3.0,DULCE NOMBRE DE JESUS
1.0,San Jose,11.0,Vasquez de Coronado,4.0,PATALILLO
1.0,San Jose,11.0,Vasquez de Coronado,5.0,CASCAJAL
1.0,San Jose,12.0,Acosta,1.0,SAN IGNACIO
1.0,San Jose,12.0,Acosta,2.0,GUAITIL Villa
1.0,San Jose,12.0,Acosta,3.0,PALMICHAL
1.0,San Jose,12.0,Acosta,4.0,CANGREJAL
1.0,San Jose,12.0,Acosta,5.0,SABANILLAS
1.0,San Jose,13.0,Tibas,1.0,SAN JUAN
1.0,San Jose,13.0,Tibas,2.0,CINCO ESQUINAS
1.0,San Jose,13.0,Tibas,3.0,ANSELMO LLORENTE
1.0,San Jose,13.0,Tibas,4.0,LEON XIII
1.0,San Jose,13.0,Tibas,5.0,COLIMA
1.0,San Jose,14.0,Moravia,1.0,SAN VICENTE
1.0,San Jose,14.0,Moravia,2.0,SAN JERONIMO
1.0,San Jose,14.0,Moravia,3.0,LA TRINIDAD
1.0,San Jose,15.0,Montes de Oca,1.0,SAN PEDRO
1.0,San Jose,15.0,Montes de Oca,2.0,SABANILLA
1.0,San Jose,15.0,Montes de Oca,3.0,MERCEDES
1.0,San Jose,15.0,Montes de Oca,4.0,SAN RAFAEL
1.0,San Jose,16.0,Turrubares,1.0,SAN PABLO
1.0,San Jose,16.0,Turrubares,2.0,SAN PEDRO
1.0,San Jose,16.0,Turrubares,3.0,SAN JUAN DE MATA
1.0,San Jose,16.0,Turrubares,4.0,SAN LUIS
1.0,San Jose,16.0,Turrubares,5.0,CARARA
1.0,San Jose,17.0,Dota,1.0,SANTA MARIA
1.0,San Jose,17.0,Dota,2.0,JARDIN
1.0,San Jose,17.0,Dota,3.0,COPEY
1.0,San Jose,18.0,Curridabat,1.0,CURRIDABAT
1.0,San Jose,18.0,Curridabat,2.0,GRANADILLA
1.0,San Jose,18.0,Curridabat,3.0,SANCHEZ
1.0,San Jose,18.0,Curridabat,4.0,TIRRASES
1.0,San Jose,19.0,Perez Zeledon,1.0,SAN ISIDRO DE EL GENERAL
1.0,San Jose,19.0,Perez Zeledon,2.0,EL GENERAL
1.0,San Jose,19.0,Perez Zeledon,3.0,DANIEL FLORES
1.0,San Jose,19.0,Perez Zeledon,4.0,RIVAS
1.0,San Jose,19.0,Perez Zeledon,5.0,SAN PEDRO
1.0,San Jose,19.0,Perez Zeledon,6.0,PLATANARES
1.0,San Jose,19.0,Perez Zeledon,7.0,PEJIBAYE
1.0,San Jose,19.0,Perez Zeledon,8.0,CAJON
1.0,San Jose,19.0,Perez Zeledon,9.0,BARU
1.0,San Jose,19.0,Perez Zeledon,10.0,RIO NUEVO
1.0,San Jose,19.0,Perez Zeledon,11.0,PARAMO
1.0,San Jose,20.0,Leon Cortez Castro,1.0,SAN PABLO
1.0,San Jose,20.0,Leon Cortez Castro,2.0,SAN ANDRES
1.0,San Jose,20.0,Leon Cortez Castro,3.0,LLANO BONITO
1.0,San Jose,20.0,Leon Cortez Castro,4.0,SAN ISIDRO
1.0,San Jose,20.0,Leon Cortez Castro,5.0,SANTA CRUZ
1.0,San Jose,20.0,Leon Cortez Castro,6.0,SAN ANTONIO
2.0,Alajuela,1.0,Alajuela,1.0,ALAJUELA
2.0,Alajuela,1.0,Alajuela,2.0,SAN JOSE
2.0,Alajuela,1.0,Alajuela,3.0,CARRIZAL
2.0,Alajuela,1.0,Alajuela,4.0,SAN ANTONIO
2.0,Alajuela,1.0,Alajuela,5.0,GUACIMA
2.0,Alajuela,1.0,Alajuela,6.0,SAN ISIDRO
2.0,Alajuela,1.0,Alajuela,7.0,SABANILLA
2.0,Alajuela,1.0,Alajuela,8.0,SAN RAFAEL
2.0,Alajuela,1.0,Alajuela,9.0,RIO SEGUNDO
2.0,Alajuela,1.0,Alajuela,10.0,DESAMPARADOS
2.0,Alajuela,1.0,Alajuela,12.0,TAMBOR
2.0,Alajuela,1.0,Alajuela,13.0,GARITA
2.0,Alajuela,1.0,Alajuela,14.0,SARAPIQUI
2.0,Alajuela,1.0,Alajuela,11.0,TURRUCARES
2.0,Alajuela,2.0,San Ramon,1.0,SAN RAMON
2.0,Alajuela,2.0,San Ramon,2.0,SANTIAGO
2.0,Alajuela,2.0,San Ramon,3.0,SAN JUAN
2.0,Alajuela,2.0,San Ramon,4.0,PIEDADES NORTE
2.0,Alajuela,2.0,San Ramon,5.0,PIEDADES SUR
2.0,Alajuela,2.0,San Ramon,6.0,SAN RAFAEL
2.0,Alajuela,2.0,San Ramon,7.0,SAN ISIDRO
2.0,Alajuela,2.0,San Ramon,8.0,ANGELES
2.0,Alajuela,2.0,San Ramon,9.0,ALFARO
2.0,Alajuela,2.0,San Ramon,10.0,VOLIO
2.0,Alajuela,2.0,San Ramon,11.0,CONCEPCION
2.0,Alajuela,2.0,San Ramon,12.0,ZAPOTAL
2.0,Alajuela,2.0,San Ramon,13.0,PENAS BLANCAS
2.0,Alajuela,3.0,Grecia,1.0,GRECIA
2.0,Alajuela,3.0,Grecia,2.0,SAN ISIDRO
2.0,Alajuela,3.0,Grecia,3.0,SAN JOSE
2.0,Alajuela,3.0,Grecia,4.0,SAN ROQUE
2.0,Alajuela,3.0,Grecia,5.0,TACARES
2.0,Alajuela,3.0,Grecia,6.0,RIO CUARTO
2.0,Alajuela,3.0,Grecia,7.0,PUENTE DE PIEDRA
2.0,Alajuela,3.0,Grecia,8.0,BOLIVAR
2.0,Alajuela,4.0,San Mateo,1.0,SAN MATEO
2.0,Alajuela,4.0,San Mateo,2.0,DESMONTE
2.0,Alajuela,4.0,San Mateo,3.0,JESUS MARIA
2.0,Alajuela,4.0,San Mateo,4.0,LABRADOR
2.0,Alajuela,5.0,Atenas,1.0,ATENAS
2.0,Alajuela,5.0,Atenas,2.0,JESUS
2.0,Alajuela,5.0,Atenas,3.0,MERCEDES
2.0,Alajuela,5.0,Atenas,4.0,SAN ISIDRO
2.0,Alajuela,5.0,Atenas,5.0,CONCEPCION
2.0,Alajuela,5.0,Atenas,6.0,SAN JOSE
2.0,Alajuela,5.0,Atenas,7.0,SANTA EULALIA
2.0,Alajuela,5.0,Atenas,8.0,ESCOBAL
2.0,Alajuela,6.0,Naranjo,1.0,NARANJO
2.0,Alajuela,6.0,Naranjo,2.0,SAN MIGUEL
2.0,Alajuela,6.0,Naranjo,3.0,SAN JOSE
2.0,Alajuela,6.0,Naranjo,4.0,CIRRI SUR
2.0,Alajuela,6.0,Naranjo,5.0,SAN JERONIMO
2.0,Alajuela,6.0,Naranjo,6.0,SAN JUAN
2.0,Alajuela,6.0,Naranjo,7.0,EL ROSARIO
2.0,Alajuela,6.0,Naranjo,8.0,PALMITOS
2.0,Alajuela,7.0,Palmares,1.0,PALMARES
2.0,Alajuela,7.0,Palmares,2.0,ZARAGOZA
2.0,Alajuela,7.0,Palmares,3.0,BUENOS AIRES
2.0,Alajuela,7.0,Palmares,4.0,SANTIAGO
2.0,Alajuela,7.0,Palmares,5.0,CANDELARIA
2.0,Alajuela,7.0,Palmares,6.0,ESQUIPULAS
2.0,Alajuela,7.0,Palmares,7.0,LA GRANJA
2.0,Alajuela,8.0,Poas,1.0,SAN PEDRO
2.0,Alajuela,8.0,Poas,2.0,SAN JUAN
2.0,Alajuela,8.0,Poas,3.0,SAN RAFAEL
2.0,Alajuela,8.0,Poas,4.0,CARRILLOS
2.0,Alajuela,8.0,Poas,5.0,SABANA REDONDA
2.0,Alajuela,9.0,Orotina,1.0,OROTINA
2.0,Alajuela,9.0,Orotina,2.0,EL MASTATE
2.0,Alajuela,9.0,Orotina,3.0,HACIENDA VIEJA
2.0,Alajuela,9.0,Orotina,4.0,COYOLAR
2.0,Alajuela,9.0,Orotina,5.0,LA CEIBA
2.0,Alajuela,10.0,San Carlos,1.0,QUESADA
2.0,Alajuela,10.0,San Carlos,2.0,FLORENCIA
2.0,Alajuela,10.0,San Carlos,3.0,BUENAVISTA
2.0,Alajuela,10.0,San Carlos,4.0,AGUAS ZARCAS
2.0,Alajuela,10.0,San Carlos,5.0,VENECIA
2.0,Alajuela,10.0,San Carlos,6.0,PITAL
2.0,Alajuela,10.0,San Carlos,7.0,LA FORTUNA
2.0,Alajuela,10.0,San Carlos,8.0,LA TIGRA
2.0,Alajuela,10.0,San Carlos,9.0,LA PALMERA
2.0,Alajuela,10.0,San Carlos,10.0,VENADO
2.0,Alajuela,10.0,San Carlos,11.0,CUTRIS
2.0,Alajuela,10.0,San Carlos,12.0,MONTERREY
2.0,Alajuela,10.0,San Carlos,13.0,POCOSOL
2.0,Alajuela,11.0,Zarcero,1.0,ZARCERO
2.0,Alajuela,11.0,Zarcero,2.0,LAGUNA
2.0,Alajuela,11.0,Zarcero,4.0,GUADALUPE
2.0,Alajuela,11.0,Zarcero,5.0,PALMIRA
2.0,Alajuela,11.0,Zarcero,6.0,ZAPOTE
2.0,Alajuela,11.0,Zarcero,7.0,BRISAS
2.0,Alajuela,12.0,Valverde Vega,1.0,SARCHI NORTE
2.0,Alajuela,12.0,Valverde Vega,2.0,SARCHI SUR
2.0,Alajuela,12.0,Valverde Vega,3.0,TORO AMARILLO
2.0,Alajuela,12.0,Valverde Vega,4.0,SAN PEDRO
2.0,Alajuela,12.0,Valverde Vega,5.0,RODRIGUEZ
2.0,Alajuela,13.0,Upala,1.0,UPALA
2.0,Alajuela,13.0,Upala,2.0,AGUAS CLARAS
2.0,Alajuela,13.0,Upala,3.0,SAN JOSE o PIZOTE
2.0,Alajuela,13.0,Upala,4.0,BIJAGUA
2.0,Alajuela,13.0,Upala,5.0,DELICIAS
2.0,Alajuela,13.0,Upala,6.0,DOS RIOS
2.0,Alajuela,13.0,Upala,7.0,YOLILLAL
2.0,Alajuela,13.0,Upala,8.0,CANALETE
2.0,Alajuela,14.0,Los Chiles,1.0,LOS CHILES
2.0,Alajuela,14.0,Los Chiles,2.0,CANO NEGRO
2.0,Alajuela,14.0,Los Chiles,3.0,EL AMPARO
2.0,Alajuela,14.0,Los Chiles,4.0,SAN JORGE
2.0,Alajuela,15.0,Guatuso,2.0,BUENAVISTA
2.0,Alajuela,15.0,Guatuso,3.0,COTE
2.0,Alajuela,15.0,Guatuso,4.0,KATIRA
3.0,Cartago,1.0,Cartago,1.0,ORIENTAL
3.0,Cartago,1.0,Cartago,2.0,OCCIDENTAL
3.0,Cartago,1.0,Cartago,3.0,CARMEN
3.0,Cartago,1.0,Cartago,4.0,SAN NICOLAS
3.0,Cartago,1.0,Cartago,5.0,AGUACALIENTE o SAN FRANCISCO
3.0,Cartago,1.0,Cartago,6.0,GUADALUPE o ARENILLA
3.0,Cartago,1.0,Cartago,7.0,CORRALILLO
3.0,Cartago,1.0,Cartago,8.0,TIERRA BLANCA
3.0,Cartago,1.0,Cartago,9.0,DULCE NOMBRE
3.0,Cartago,1.0,Cartago,10.0,LLANO GRANDE
3.0,Cartago,1.0,Cartago,11.0,QUEBRADILLA
3.0,Cartago,2.0,Paraiso,1.0,PARAISO
3.0,Cartago,2.0,Paraiso,2.0,SANTIAGO
3.0,Cartago,2.0,Paraiso,3.0,OROSI
3.0,Cartago,2.0,Paraiso,4.0,CACHI
3.0,Cartago,2.0,Paraiso,5.0,LLANOS DE SANTA LUCIA
3.0,Cartago,3.0,La Union,1.0,TRES RIOS
3.0,Cartago,3.0,La Union,2.0,SAN DIEGO
3.0,Cartago,3.0,La Union,3.0,SAN JUAN
3.0,Cartago,3.0,La Union,4.0,SAN RAFAEL
3.0,Cartago,3.0,La Union,5.0,CONCEPCION
3.0,Cartago,3.0,La Union,6.0,DULCE NOMBRE
3.0,Cartago,3.0,La Union,7.0,SAN RAMON
3.0,Cartago,3.0,La Union,8.0,RIO AZUL
3.0,Cartago,4.0,Jimenez,1.0,JUAN VINAS
3.0,Cartago,4.0,Jimenez,2.0,TUCURRIQUE
3.0,Cartago,4.0,Jimenez,3.0,PEJIBAYE
3.0,Cartago,5.0,Turrialba,1.0,TURRIALBA
3.0,Cartago,5.0,Turrialba,2.0,LA SUIZA
3.0,Cartago,5.0,Turrialba,4.0,SANTA CRUZ
3.0,Cartago,5.0,Turrialba,5.0,SANTA TERESITA
3.0,Cartago,5.0,Turrialba,6.0,PAVONES
3.0,Cartago,5.0,Turrialba,7.0,TUIS
3.0,Cartago,5.0,Turrialba,8.0,TAYUTIC
3.0,Cartago,5.0,Turrialba,9.0,SANTA ROSA
3.0,Cartago,5.0,Turrialba,10.0,TRES EQUIS
3.0,Cartago,5.0,Turrialba,11.0,LA ISABEL
3.0,Cartago,5.0,Turrialba,12.0,CHIRRIPO
3.0,Cartago,6.0,Alvarado,1.0,PACAYAS
3.0,Cartago,6.0,Alvarado,2.0,CERVANTES
3.0,Cartago,6.0,Alvarado,3.0,CAPELLADES
3.0,Cartago,7.0,Oreamuno,1.0,SAN RAFAEL
3.0,Cartago,7.0,Oreamuno,2.0,COT
3.0,Cartago,7.0,Oreamuno,3.0,POTRERO CERRADO
3.0,Cartago,7.0,Oreamuno,4.0,CIPRESES
3.0,Cartago,7.0,Oreamuno,5.0,SANTA ROSA
3.0,Cartago,8.0,El Guarco,1.0,EL TEJAR
3.0,Cartago,8.0,El Guarco,2.0,SAN ISIDRO
3.0,Cartago,8.0,El Guarco,3.0,TOBOSI
3.0,Cartago,8.0,El Guarco,4.0,PATIO DE AGUA
4.0,Heredia,1.0,Heredia,1.0,HEREDIA
4.0,Heredia,1.0,Heredia,2.0,MERCEDES
4.0,Heredia,1.0,Heredia,3.0,SAN FRANCISCO
4.0,Heredia,1.0,Heredia,4.0,ULLOA
4.0,Heredia,1.0,Heredia,5.0,VARABLANCA
4.0,Heredia,2.0,Barva,1.0,BARVA
4.0,Heredia,2.0,Barva,2.0,SAN PEDRO
4.0,Heredia,2.0,Barva,3.0,SAN PABLO
4.0,Heredia,2.0,Barva,4.0,SAN ROQUE
4.0,Heredia,2.0,Barva,5.0,SANTA LUCIA
4.0,Heredia,2.0,Barva,6.0,SAN JOSE DE LA MONTANA
4.0,Heredia,3.0,Santo Domingo,2.0,SAN VICENTE
4.0,Heredia,3.0,Santo Domingo,3.0,SAN MIGUEL
4.0,Heredia,3.0,Santo Domingo,4.0,PARACITO
4.0,Heredia,3.0,Santo Domingo,5.0,SANTO TOMAS
4.0,Heredia,3.0,Santo Domingo,6.0,SANTA ROSA
4.0,Heredia,3.0,Santo Domingo,7.0,TURES
4.0,Heredia,3.0,Santo Domingo,8.0,PARA
4.0,Heredia,4.0,Santa Barbara,1.0,SANTA BARBARA
4.0,Heredia,4.0,Santa Barbara,2.0,SAN PEDRO
4.0,Heredia,4.0,Santa Barbara,3.0,SAN JUAN
4.0,Heredia,4.0,Santa Barbara,4.0,JESUS
4.0,Heredia,4.0,Santa Barbara,5.0,SANTO DOMINGO
4.0,Heredia,4.0,Santa Barbara,6.0,PURABA
4.0,Heredia,5.0,San Rafael,1.0,SAN RAFAEL
4.0,Heredia,5.0,San Rafael,2.0,SAN JOSECITO
4.0,Heredia,5.0,San Rafael,3.0,SANTIAGO
4.0,Heredia,5.0,San Rafael,4.0,ANGELES
4.0,Heredia,5.0,San Rafael,5.0,CONCEPCION
4.0,Heredia,6.0,San Isidro,1.0,SAN ISIDRO
4.0,Heredia,6.0,San Isidro,2.0,SAN JOSE
4.0,Heredia,6.0,San Isidro,3.0,CONCEPCION
4.0,Heredia,6.0,San Isidro,4.0,SAN FRANCISCO
4.0,Heredia,7.0,Belen,1.0,SAN ANTONIO
4.0,Heredia,7.0,Belen,2.0,LA RIBERA
4.0,Heredia,7.0,Belen,3.0,LA ASUNCION
4.0,Heredia,8.0,Flores,1.0,SAN JOAQUIN
4.0,Heredia,8.0,Flores,2.0,BARRANTES
4.0,Heredia,8.0,Flores,3.0,LLORENTE
4.0,Heredia,9.0,San Pablo,1.0,SAN PABLO
4.0,Heredia,10.0,Sarapiqui,1.0,PUERTO VIEJO
4.0,Heredia,10.0,Sarapiqui,2.0,LA VIRGEN
4.0,Heredia,10.0,Sarapiqui,3.0,LAS HORQUETAS
4.0,Heredia,10.0,Sarapiqui,4.0,LLANURAS DEL GASPAR
4.0,Heredia,10.0,Sarapiqui,5.0,CURENA
5.0,Guanacaste,1.0,Liberia,1.0,LIBERIA
5.0,Guanacaste,1.0,Liberia,2.0,CANAS DULCES
5.0,Guanacaste,1.0,Liberia,3.0,MAYORGA
5.0,Guanacaste,1.0,Liberia,4.0,NACASCOLO
5.0,Guanacaste,1.0,Liberia,5.0,CURUBANDE
5.0,Guanacaste,2.0,Nicoya,1.0,NICOYA
5.0,Guanacaste,2.0,Nicoya,2.0,MANSION
5.0,Guanacaste,2.0,Nicoya,3.0,SAN ANTONIO
5.0,Guanacaste,2.0,Nicoya,4.0,QUEBRADA HONDA
5.0,Guanacaste,2.0,Nicoya,5.0,SAMARA
5.0,Guanacaste,2.0,Nicoya,6.0,NOSARA
5.0,Guanacaste,2.0,Nicoya,7.0,BELEN DE NOSARITA
5.0,Guanacaste,3.0,Santa Cruz,1.0,SANTA CRUZ
5.0,Guanacaste,3.0,Santa Cruz,2.0,BOLSON
5.0,Guanacaste,3.0,Santa Cruz,3.0,VEINTISIETE DE ABRIL
5.0,Guanacaste,3.0,Santa Cruz,4.0,TEMPATE
5.0,Guanacaste,3.0,Santa Cruz,5.0,CARTAGENA
5.0,Guanacaste,3.0,Santa Cruz,6.0,CUAJINIQUIL
5.0,Guanacaste,3.0,Santa Cruz,7.0,DIRIA
5.0,Guanacaste,3.0,Santa Cruz,8.0,CABO VELAS
5.0,Guanacaste,3.0,Santa Cruz,9.0,TAMARINDO
5.0,Guanacaste,4.0,Bagaces,1.0,BAGACES
5.0,Guanacaste,4.0,Bagaces,2.0,LA FORTUNA
5.0,Guanacaste,4.0,Bagaces,3.0,MOGOTE
5.0,Guanacaste,4.0,Bagaces,4.0,RIO NARANJO
5.0,Guanacaste,5.0,Carrillo,1.0,FILADELFIA
5.0,Guanacaste,5.0,Carrillo,2.0,PALMIRA
5.0,Guanacaste,5.0,Carrillo,3.0,SARDINAL
5.0,Guanacaste,5.0,Carrillo,4.0,BELEN
5.0,Guanacaste,6.0,Canas,1.0,CANAS
5.0,Guanacaste,6.0,Canas,2.0,PALMIRA
5.0,Guanacaste,6.0,Canas,3.0,SAN MIGUEL
5.0,Guanacaste,6.0,Canas,4.0,BEBEDERO
5.0,Guanacaste,6.0,Canas,5.0,POROZAL
5.0,Guanacaste,7.0,Abangares,1.0,LAS JUNTAS
5.0,Guanacaste,7.0,Abangares,2.0,SIERRA
5.0,Guanacaste,7.0,Abangares,3.0,SAN JUAN
5.0,Guanacaste,7.0,Abangares,4.0,COLORADO
5.0,Guanacaste,8.0,Tilaran,1.0,TILARAN
5.0,Guanacaste,8.0,Tilaran,2.0,QUEBRADA GRANDE
5.0,Guanacaste,8.0,Tilaran,3.0,TRONADORA
5.0,Guanacaste,8.0,Tilaran,4.0,SANTA ROSA
5.0,Guanacaste,8.0,Tilaran,5.0,LIBANO
5.0,Guanacaste,8.0,Tilaran,6.0,TIERRAS MORENAS
5.0,Guanacaste,8.0,Tilaran,7.0,ARENAL
5.0,Guanacaste,9.0,Nandayure,1.0,CARMONA
5.0,Guanacaste,9.0,Nandayure,2.0,SANTA RITA
5.0,Guanacaste,9.0,Nandayure,3.0,ZAPOTAL
5.0,Guanacaste,9.0,Nandayure,4.0,SAN PABLO
5.0,Guanacaste,9.0,Nandayure,5.0,PORVENIR
5.0,Guanacaste,9.0,Nandayure,6.0,BEJUCO
5.0,Guanacaste,10.0,La Cruz,1.0,LA CRUZ
5.0,Guanacaste,10.0,La Cruz,2.0,SANTA CECILIA
5.0,Guanacaste,10.0,La Cruz,3.0,LA GARITA
5.0,Guanacaste,10.0,La Cruz,4.0,SANTA ELENA
5.0,Guanacaste,11.0,Hojancha,1.0,HOJANCHA
5.0,Guanacaste,11.0,Hojancha,2.0,MONTE ROMO
5.0,Guanacaste,11.0,Hojancha,3.0,PUERTO CARRILLO
5.0,Guanacaste,11.0,Hojancha,4.0,HUACAS
6.0,Puntarenas,1.0,Puntarenas,1.0,PUNTARENAS
6.0,Puntarenas,1.0,Puntarenas,2.0,PITAHAYA
6.0,Puntarenas,1.0,Puntarenas,3.0,CHOMES
6.0,Puntarenas,1.0,Puntarenas,4.0,LEPANTO
6.0,Puntarenas,1.0,Puntarenas,5.0,PAQUERA
6.0,Puntarenas,1.0,Puntarenas,6.0,MANZANILLO
6.0,Puntarenas,1.0,Puntarenas,7.0,GUACIMAL
6.0,Puntarenas,1.0,Puntarenas,8.0,BARRANCA
6.0,Puntarenas,1.0,Puntarenas,9.0,MONTE VERDE
6.0,Puntarenas,1.0,Puntarenas,11.0,COBANO
6.0,Puntarenas,1.0,Puntarenas,12.0,CHACARITA
6.0,Puntarenas,1.0,Puntarenas,13.0,CHIRA
6.0,Puntarenas,1.0,Puntarenas,14.0,ACAPULCO
6.0,Puntarenas,1.0,Puntarenas,15.0,EL ROBLE
6.0,Puntarenas,1.0,Puntarenas,16.0,ARANCIBIA
6.0,Puntarenas,2.0,Esparza,1.0,ESPIRITU SANTO
6.0,Puntarenas,2.0,Esparza,2.0,SAN JUAN GRANDE
6.0,Puntarenas,2.0,Esparza,3.0,MACACONA
6.0,Puntarenas,2.0,Esparza,4.0,SAN RAFAEL
6.0,Puntarenas,2.0,Esparza,5.0,SAN JERONIMO
6.0,Puntarenas,2.0,Esparza,6.0,CALDERA
6.0,Puntarenas,3.0,Buenos Aires,1.0,BUENOS AIRES
6.0,Puntarenas,3.0,Buenos Aires,2.0,VOLCAN
6.0,Puntarenas,3.0,Buenos Aires,3.0,POTRERO GRANDE
6.0,Puntarenas,3.0,Buenos Aires,4.0,BORUCA
6.0,Puntarenas,3.0,Buenos Aires,5.0,PILAS
6.0,Puntarenas,3.0,Buenos Aires,6.0,COLINAS
6.0,Puntarenas,3.0,Buenos Aires,7.0,CHANGUENA
6.0,Puntarenas,3.0,Buenos Aires,8.0,BIOLLEY
6.0,Puntarenas,3.0,Buenos Aires,9.0,BRUNKA
6.0,Puntarenas,4.0,Montes de Oro,1.0,MIRAMAR
6.0,Puntarenas,4.0,Montes de Oro,2.0,LA UNION
6.0,Puntarenas,4.0,Montes de Oro,3.0,SAN ISIDRO
6.0,Puntarenas,5.0,Osa,1.0,PUERTO CORTES
6.0,Puntarenas,5.0,Osa,2.0,PALMAR
6.0,Puntarenas,5.0,Osa,3.0,SIERPE
6.0,Puntarenas,5.0,Osa,4.0,BAHIA BALLENA
6.0,Puntarenas,5.0,Osa,5.0,PIEDRAS BLANCAS
6.0,Puntarenas,5.0,Osa,6.0,BAHIA DRAKE
6.0,Puntarenas,6.0,Aguirre,1.0,QUEPOS
6.0,Puntarenas,6.0,Aguirre,2.0,SAVEGRE
6.0,Puntarenas,6.0,Aguirre,3.0,NARANJITO
6.0,Puntarenas,7.0,Golfito,1.0,GOLFITO
6.0,Puntarenas,7.0,Golfito,2.0,PUERTO JIMENEZ
6.0,Puntarenas,7.0,Golfito,3.0,GUAYCARA
6.0,Puntarenas,7.0,Golfito,4.0,PAVON
6.0,Puntarenas,8.0,Coto Brus,1.0,SAN VITO
6.0,Puntarenas,8.0,Coto Brus,2.0,SABALITO
6.0,Puntarenas,8.0,Coto Brus,3.0,AGUABUENA
6.0,Puntarenas,8.0,Coto Brus,4.0,LIMONCITO
6.0,Puntarenas,8.0,Coto Brus,5.0,PITTIER
6.0,Puntarenas,8.0,Coto Brus,6.0,GUTIERREZ BRAUN
6.0,Puntarenas,9.0,Parrita,1.0,PARRITA
6.0,Puntarenas,10.0,Corredores,1.0,CORREDOR
6.0,Puntarenas,10.0,Corredores,2.0,LA CUESTA
6.0,Puntarenas,10.0,Corredores,3.0,CANOAS
6.0,Puntarenas,10.0,Corredores,4.0,LAUREL
6.0,Puntarenas,11.0,Garabito,1.0,JACO
6.0,Puntarenas,11.0,Garabito,2.0,TARCOLES
7.0,Limon,1.0,Limon,1.0,LIMON
7.0,Limon,1.0,Limon,2.0,VALLE LA ESTRELLA
7.0,Limon,1.0,Limon,4.0,MATAMA
7.0,Limon,2.0,Pococi,1.0,GUAPILES
7.0,Limon,2.0,Pococi,2.0,JIMENEZ
7.0,Limon,2.0,Pococi,3.0,RITA
7.0,Limon,2.0,Pococi,4.0,ROXANA
7.0,Limon,2.0,Pococi,5.0,CARIARI
7.0,Limon,2.0,Pococi,6.0,COLORADO
7.0,Limon,2.0,Pococi,7.0,LA COLONIA
7.0,Limon,3.0,Siquirres,1.0,SIQUIRRES
7.0,Limon,3.0,Siquirres,2.0,PACUARITO
7.0,Limon,3.0,Siquirres,3.0,FLORIDA
7.0,Limon,3.0,Siquirres,4.0,GERMANIA
7.0,Limon,3.0,Siquirres,5.0,EL CAIRO
7.0,Limon,3.0,Siquirres,6.0,ALEGRIA
7.0,Limon,4.0,Talamanca,1.0,BRATSI
7.0,Limon,4.0,Talamanca,2.0,SIXAOLA
7.0,Limon,4.0,Talamanca,3.0,CAHUITA
7.0,Limon,4.0,Talamanca,4.0,TELIRE
7.0,Limon,5.0,Matina,1.0,MATINA
7.0,Limon,5.0,Matina,2.0,BATAN
7.0,Limon,5.0,Matina,3.0,CARRANDI
7.0,Limon,6.0,Guacimo,1.0,GUACIMO
7.0,Limon,6.0,Guacimo,2.0,MERCEDES
7.0,Limon,6.0,Guacimo,3.0,POCORA
7.0,Limon,6.0,Guacimo,4.0,RIO JIMENEZ
7.0,Limon,6.0,Guacimo,5.0,DUACARI
